section,experiment_folder,relative_path,file_name,file_type,contains,source_url_guess
experiments,exp_01_conteo_fotones,materials/experiments/exp_01_conteo_fotones/files/1P28.pdf,1P28.pdf,manual,Manual/hoja técnica de instrumento,http://materias.df.uba.ar/l5a2023c1/files/2012/07/1P28.pdf
experiments,exp_01_conteo_fotones,materials/experiments/exp_01_conteo_fotones/files/Koczyk_photon counting statistics_AmJPhys_64_241_1996.pdf,Koczyk_photon counting statistics_AmJPhys_64_241_1996.pdf,referencia,Material complementario,https://www.thorlabs.com/newgrouppage9.cfm?objectgroup_id=5393&pn=SKDAV/M
experiments,exp_01_conteo_fotones,materials/experiments/exp_01_conteo_fotones/files/MartinezRicci_photoncountingoscilloscope_AmJPhys_75_707_2007.pdf,MartinezRicci_photoncountingoscilloscope_AmJPhys_75_707_2007.pdf,referencia,Material complementario,http://users.df.uba.ar/bragas/Labo5_1er2011/MartinezRicci_photoncountingoscilloscope_AmJPhys_75_707_2007.pdf
experiments,exp_01_conteo_fotones,materials/experiments/exp_01_conteo_fotones/files/PMT_photoncounting.pdf,PMT_photoncounting.pdf,referencia,Material complementario,http://asignaturas.df.uba.ar/l5-larotonda/wp-content/uploads/sites/129/2026/09/PMT_photoncounting.pdf
experiments,exp_01_conteo_fotones,materials/experiments/exp_01_conteo_fotones/files/guia_conteo.pdf,guia_conteo.pdf,guia,Guía de práctica,http://materias.df.uba.ar/l5a2023c1/files/2012/07/guia_conteo.pdf
experiments,exp_02_descarga_glow,materials/experiments/exp_02_descarga_glow/files/glow_Complemento1.pdf,glow_Complemento1.pdf,referencia,Material complementario,http://materias.df.uba.ar/l5a2023v/files/2023/02/glow_Complemento1.pdf
experiments,exp_02_descarga_glow,materials/experiments/exp_02_descarga_glow/files/glow_Complemento2.pdf,glow_Complemento2.pdf,referencia,Material complementario,http://materias.df.uba.ar/l5a2023v/files/2023/02/glow_Complemento2.pdf
experiments,exp_02_descarga_glow,materials/experiments/exp_02_descarga_glow/files/glow_Guia.pdf,glow_Guia.pdf,guia,Guía de práctica,
experiments,exp_03_fotoelectrico,materials/experiments/exp_03_fotoelectrico/files/guia_fotoelec.pdf,guia_fotoelec.pdf,guia,Guía de práctica,http://materias.df.uba.ar/l5a2023c1/files/2012/07/fotoelec.pdf
experiments,exp_04_espectroscopia,materials/experiments/exp_04_espectroscopia/files/CCS200-Manual.pdf,CCS200-Manual.pdf,manual,Manual/hoja técnica de instrumento,http://materias.df.uba.ar/l5a2022c1/files/2022/03/CCS200-Manual.pdf
experiments,exp_04_espectroscopia,materials/experiments/exp_04_espectroscopia/files/EDU-OT3_M-EnglishManual1.pdf,EDU-OT3_M-EnglishManual1.pdf,manual,Manual/hoja técnica de instrumento,https://www.thorlabs.com/newgrouppage9.cfm?objectgroup_id=5393&pn=SKDAV/M
experiments,exp_04_espectroscopia,materials/experiments/exp_04_espectroscopia/files/Medir-el-espectro-de-la-clorofila.pdf,Medir-el-espectro-de-la-clorofila.pdf,referencia,Material complementario,http://materias.df.uba.ar/l5b2024c2/files/2024/08/Medir-el-espectro-de-la-clorofila.pdf
experiments,exp_04_espectroscopia,materials/experiments/exp_04_espectroscopia/files/Notas_sobre_el_uso_de_la_RedPitaya_labo5.pdf,Notas_sobre_el_uso_de_la_RedPitaya_labo5.pdf,referencia,Material complementario,http://materias.df.uba.ar/l5b2024c1/files/2024/05/Notas_sobre_el_uso_de_la_RedPitaya_labo5.pdf
experiments,exp_04_espectroscopia,materials/experiments/exp_04_espectroscopia/files/Referencias-para-la-p_ctica-de-Espectroscop_a-L_ser.pdf,Referencias-para-la-p_ctica-de-Espectroscop_a-L_ser.pdf,referencia,Material complementario,
experiments,exp_04_espectroscopia,materials/experiments/exp_04_espectroscopia/files/SKDAV_M-Manual.pdf,SKDAV_M-Manual.pdf,manual,Manual/hoja técnica de instrumento,http://materias.df.uba.ar/l5a2023c1/files/2012/07/SKDAV_M-Manual.pdf
experiments,exp_04_espectroscopia,materials/experiments/exp_04_espectroscopia/files/guia-Practica-de-Espectroscopia.pdf,guia-Practica-de-Espectroscopia.pdf,guia,Guía de práctica,http://materias.df.uba.ar/l5a2023c1/files/2012/07/Practica-de-Espectroscopia.pdf
experiments,exp_05_fluidos,materials/experiments/exp_05_fluidos/files/Guia-fluidos1.pdf,Guia-fluidos1.pdf,guia,Guía de práctica,
experiments,exp_05_fluidos,materials/experiments/exp_05_fluidos/files/Preparaci_n-de-muestras-Pinzas.pdf,Preparaci_n-de-muestras-Pinzas.pdf,referencia,Material complementario,https://www.thorlabs.com/newgrouppage9.cfm?objectgroup_id=5393&pn=SKDAV/M
experiments,exp_06_laser,materials/experiments/exp_06_laser/files/I-Guia_Laser-labo_5.pdf,I-Guia_Laser-labo_5.pdf,guia,Guía de práctica,http://materias.df.uba.ar/l5a2024c1/files/2024/03/I-Guia_Laser-labo_5.pdf
experiments,exp_06_laser,materials/experiments/exp_06_laser/files/II-FormalismoABCD_Laser-labo_5.pdf,II-FormalismoABCD_Laser-labo_5.pdf,referencia,Material complementario,https://www.thorlabs.com/newgrouppage9.cfm?objectgroup_id=5393&pn=SKDAV/M
experiments,exp_06_laser,materials/experiments/exp_06_laser/files/III-Cavidad_plegada_Laser-labo_5.pdf,III-Cavidad_plegada_Laser-labo_5.pdf,referencia,Material complementario,http://materias.df.uba.ar/l5a2024c1/files/2024/03/III-Cavidad_plegada_Laser-labo_5.pdf
experiments,exp_06_laser,materials/experiments/exp_06_laser/files/Notas-sobre-diodos-de-bombeo.pdf,Notas-sobre-diodos-de-bombeo.pdf,referencia,Material complementario,https://www.thorlabs.com/newgrouppage9.cfm?objectgroup_id=5393&pn=SKDAV/M
experiments,exp_07_nuclear_particulas,materials/experiments/exp_07_nuclear_particulas/files/10-compton-scattering.pdf,10-compton-scattering.pdf,referencia,Material complementario,https://www.thorlabs.com/newgrouppage9.cfm?objectgroup_id=5393&pn=SKDAV/M
experiments,exp_07_nuclear_particulas,materials/experiments/exp_07_nuclear_particulas/files/13-gamma-gamma-coincidence-angular-correlation.pdf,13-gamma-gamma-coincidence-angular-correlation.pdf,referencia,Material complementario,https://www.thorlabs.com/newgrouppage9.cfm?objectgroup_id=5393&pn=SKDAV/M
experiments,exp_07_nuclear_particulas,materials/experiments/exp_07_nuclear_particulas/files/3-gamma-ray-spectroscopy-using-nai-tl.pdf,3-gamma-ray-spectroscopy-using-nai-tl.pdf,referencia,Material complementario,https://www.thorlabs.com/newgrouppage9.cfm?objectgroup_id=5393&pn=SKDAV/M
experiments,exp_07_nuclear_particulas,materials/experiments/exp_07_nuclear_particulas/files/Guia_Nuclear_completa_2025.pdf,Guia_Nuclear_completa_2025.pdf,guia,Guía de práctica,https://www.thorlabs.com/newgrouppage9.cfm?objectgroup_id=5393&pn=SKDAV/M
experiments,exp_07_nuclear_particulas,materials/experiments/exp_07_nuclear_particulas/files/Termometr_a-de-radiaci_n.pdf,Termometr_a-de-radiaci_n.pdf,referencia,Material complementario,https://www.thorlabs.com/newgrouppage9.cfm?objectgroup_id=5393&pn=SKDAV/M
experiments,exp_07_nuclear_particulas,materials/experiments/exp_07_nuclear_particulas/files/Vida-media-del-muon_dario.pdf,Vida-media-del-muon_dario.pdf,referencia,Material complementario,https://www.thorlabs.com/newgrouppage9.cfm?objectgroup_id=5393&pn=SKDAV/M
experiments,exp_07_nuclear_particulas,materials/experiments/exp_07_nuclear_particulas/files/practica_muones.pdf,practica_muones.pdf,guia,Guía de práctica,https://www.thorlabs.com/newgrouppage9.cfm?objectgroup_id=5393&pn=SKDAV/M
experiments,exp_07_nuclear_particulas,materials/experiments/exp_07_nuclear_particulas/files/rpp2022-rev-cosmic-rays.pdf,rpp2022-rev-cosmic-rays.pdf,referencia,Material complementario,https://pdg.lbl.gov/2022/reviews/rpp2022-rev-cosmic-rays.pdf
experiments,exp_99_por_clasificar,materials/experiments/exp_99_por_clasificar/files/AboutLockinAmpl.pdf,AboutLockinAmpl.pdf,referencia,Material complementario,http://materias.df.uba.ar/l5a2023c1/files/2012/07/AboutLockinAmpl.pdf
experiments,exp_99_por_clasificar,materials/experiments/exp_99_por_clasificar/files/NFernandez_Tesis_2017.pdf,NFernandez_Tesis_2017.pdf,tesis,Tesis de referencia,http://users.df.uba.ar/schmiegelow/materias/labo5_2017v/NFernandez_Tesis_2017.pdf
experiments,exp_99_por_clasificar,materials/experiments/exp_99_por_clasificar/files/UBAThesis.pdf,UBAThesis.pdf,referencia,Material complementario,http://users.df.uba.ar/gpuentes/UBAThesis.pdf
parciales,,materials/parciales/files/20200128_adquisicion.pdf,20200128_adquisicion.pdf,referencia,Material complementario,http://materias.df.uba.ar/l5a2020v/files/2020/01/20200128_adquisicion.pdf
parciales,,materials/parciales/files/Control-de-instrumentos-desde-Python.pdf,Control-de-instrumentos-desde-Python.pdf,referencia,Material complementario,https://www.thorlabs.com/newgrouppage9.cfm?objectgroup_id=5393&pn=SKDAV/M
parciales,,materials/parciales/files/IntroEstadistica.pdf,IntroEstadistica.pdf,referencia,Material complementario,http://materias.df.uba.ar/labo5a2015c1/files/2015/04/IntroEstadistica.pdf
parciales,,materials/parciales/files/Real World Instrumentation with Python - Automated Data Acquisition and Control Systems _2010_.pdf,Real World Instrumentation with Python - Automated Data Acquisition and Control Systems _2010_.pdf,referencia,Material complementario,https://www.thorlabs.com/newgrouppage9.cfm?objectgroup_id=5393&pn=SKDAV/M
parciales,,materials/parciales/files/checklist-informe.pdf,checklist-informe.pdf,referencia,Material complementario,https://www.thorlabs.com/newgrouppage9.cfm?objectgroup_id=5393&pn=SKDAV/M
parciales,,materials/parciales/files/demo_aliasing.zip,demo_aliasing.zip,dataset/demo,Archivo comprimido de material adicional,https://www.thorlabs.com/newgrouppage9.cfm?objectgroup_id=5393&pn=SKDAV/M
seguridad,,materials/seguridad/files/Laserseguridad1.pdf,Laserseguridad1.pdf,seguridad,Normativa/material de seguridad,http://materias.df.uba.ar/l5a2023c1/files/2023/03/Laserseguridad1.pdf
seguridad,,materials/seguridad/files/Normas-de-Seg-Clase-IV1.pdf,Normas-de-Seg-Clase-IV1.pdf,seguridad,Normativa/material de seguridad,https://www.thorlabs.com/newgrouppage9.cfm?objectgroup_id=5393&pn=SKDAV/M
seguridad,,materials/seguridad/files/Normas-generales-para-usar-sustancias-radiactivas.pdf,Normas-generales-para-usar-sustancias-radiactivas.pdf,seguridad,Normativa/material de seguridad,https://www.thorlabs.com/newgrouppage9.cfm?objectgroup_id=5393&pn=SKDAV/M
seguridad,,materials/seguridad/files/SegLabQyBAlumnos1.pdf,SegLabQyBAlumnos1.pdf,seguridad,Normativa/material de seguridad,https://www.thorlabs.com/newgrouppage9.cfm?objectgroup_id=5393&pn=SKDAV/M
seguridad,,materials/seguridad/files/SeguridadRadiacion.pdf,SeguridadRadiacion.pdf,seguridad,Normativa/material de seguridad,http://materias.df.uba.ar/l5a2023c1/files/2023/03/SeguridadRadiacion.pdf
seguridad,,materials/seguridad/files/normas_LabSuperiores.pdf,normas_LabSuperiores.pdf,seguridad,Normativa/material de seguridad,https://www.thorlabs.com/newgrouppage9.cfm?objectgroup_id=5393&pn=SKDAV/M
