timestamp_utc,section,source_page,link_text,url,downloadable,experiment,link_kind,local_path,sha256,status,availability,http_status,content_type,final_url
2026-09-30T16:04:33.774550+00:00,seguridad,https://asignaturas.df.uba.ar/l5-larotonda/seguridad/,Saltar al contenido,https://asignaturas.df.uba.ar/l5-larotonda/seguridad/,false,section_seguridad,asignaturas,,,indexed,ok,200,text/html; charset=UTF-8,https://asignaturas.df.uba.ar/l5-larotonda/seguridad/
2026-09-30T16:04:33.774550+00:00,seguridad,https://asignaturas.df.uba.ar/l5-larotonda/seguridad/,Laboratorio 5 – Larotonda,https://asignaturas.df.uba.ar/l5-larotonda,false,section_seguridad,asignaturas,,,indexed,ok,200,text/html; charset=UTF-8,https://asignaturas.df.uba.ar/l5-larotonda/
2026-09-30T16:04:33.774550+00:00,seguridad,https://asignaturas.df.uba.ar/l5-larotonda/seguridad/,Principal,https://asignaturas.df.uba.ar/l5-larotonda/principal/,false,section_seguridad,asignaturas,,,indexed,ok,200,text/html; charset=UTF-8,https://asignaturas.df.uba.ar/l5-larotonda/principal/
2026-09-30T16:04:33.774550+00:00,seguridad,https://asignaturas.df.uba.ar/l5-larotonda/seguridad/,Programa,https://asignaturas.df.uba.ar/l5-larotonda/programa/,false,section_seguridad,asignaturas,,,indexed,ok,200,text/html; charset=UTF-8,https://asignaturas.df.uba.ar/l5-larotonda/programa/
2026-09-30T16:04:33.774550+00:00,seguridad,https://asignaturas.df.uba.ar/l5-larotonda/seguridad/,Prácticas,https://asignaturas.df.uba.ar/l5-larotonda/guias/,false,section_seguridad,asignaturas,,,indexed,ok,200,text/html; charset=UTF-8,https://asignaturas.df.uba.ar/l5-larotonda/guias/
2026-09-30T16:04:33.774550+00:00,seguridad,https://asignaturas.df.uba.ar/l5-larotonda/seguridad/,Cronograma,https://asignaturas.df.uba.ar/l5-larotonda/cronograma/,false,section_seguridad,asignaturas,,,indexed,ok,200,text/html; charset=UTF-8,https://asignaturas.df.uba.ar/l5-larotonda/cronograma/
2026-09-30T16:04:33.774550+00:00,seguridad,https://asignaturas.df.uba.ar/l5-larotonda/seguridad/,Grupos,https://asignaturas.df.uba.ar/l5-larotonda/grupos/,false,section_seguridad,asignaturas,,,indexed,ok,200,text/html; charset=UTF-8,https://asignaturas.df.uba.ar/l5-larotonda/grupos/
2026-09-30T16:04:33.774550+00:00,seguridad,https://asignaturas.df.uba.ar/l5-larotonda/seguridad/,Material Adicional,https://asignaturas.df.uba.ar/l5-larotonda/parciales/,false,section_seguridad,asignaturas,,,indexed,ok,200,text/html; charset=UTF-8,https://asignaturas.df.uba.ar/l5-larotonda/parciales/
2026-09-30T16:04:33.774550+00:00,seguridad,https://asignaturas.df.uba.ar/l5-larotonda/seguridad/,,https://asignaturas.df.uba.ar/l5-larotonda/,false,section_seguridad,asignaturas,,,indexed,ok,200,text/html; charset=UTF-8,https://asignaturas.df.uba.ar/l5-larotonda/
2026-09-30T16:04:33.774550+00:00,seguridad,https://asignaturas.df.uba.ar/l5-larotonda/seguridad/,ver,http://materias.df.uba.ar/l5a2023c1/files/2023/03/normas_LabSuperiores.pdf,true,section_seguridad,df_uba_external,materials/seguridad/files/normas_LabSuperiores.pdf,d1b93b2318039484f69bcc9644c6b791df22bd717968e22e3d0b38fe6b48239a,unchanged,ok,200,application/pdf,http://materias.df.uba.ar/l5a2023c1/files/2023/03/normas_LabSuperiores.pdf
2026-09-30T16:04:33.774550+00:00,seguridad,https://asignaturas.df.uba.ar/l5-larotonda/seguridad/,ver,http://materias.df.uba.ar/l5a2023c1/files/2023/03/Laserseguridad1.pdf,true,section_seguridad,df_uba_external,materials/seguridad/files/Laserseguridad1.pdf,79d484cac86335b528da2a2d9ce2a8bb02c9a21b93a665157d7b8d9a9643b1c8,unchanged,ok,200,application/pdf,http://materias.df.uba.ar/l5a2023c1/files/2023/03/Laserseguridad1.pdf
2026-09-30T16:04:33.774550+00:00,seguridad,https://asignaturas.df.uba.ar/l5-larotonda/seguridad/,ver,http://materias.df.uba.ar/l5a2023c1/files/2023/03/Normas-de-Seg-Clase-IV1.pdf,true,section_seguridad,df_uba_external,materials/seguridad/files/Normas-de-Seg-Clase-IV1.pdf,f16ef62aec95b9319bf5fcab7d568cd07e175407322bc6fdf474df3e107b6a1f,unchanged,ok,200,application/pdf,http://materias.df.uba.ar/l5a2023c1/files/2023/03/Normas-de-Seg-Clase-IV1.pdf
2026-09-30T16:04:33.774550+00:00,seguridad,https://asignaturas.df.uba.ar/l5-larotonda/seguridad/,ver,http://materias.df.uba.ar/l5a2023c1/files/2023/03/Normas-generales-para-usar-sustancias-radiactivas.pdf,true,section_seguridad,df_uba_external,materials/seguridad/files/Normas-generales-para-usar-sustancias-radiactivas.pdf,1a31fa77006fa6ab56ea86d41f471a1d2a38631b5048c0f3b0fa86ca43c96df1,unchanged,ok,200,application/pdf,http://materias.df.uba.ar/l5a2023c1/files/2023/03/Normas-generales-para-usar-sustancias-radiactivas.pdf
2026-09-30T16:04:33.774550+00:00,seguridad,https://asignaturas.df.uba.ar/l5-larotonda/seguridad/,ver,http://materias.df.uba.ar/l5a2023c1/files/2023/03/SeguridadRadiacion.pdf,true,section_seguridad,df_uba_external,materials/seguridad/files/SeguridadRadiacion.pdf,860504217c30ccc2a579f588b57ca87bae8ddd645e16c41b5bae605b44977545,unchanged,ok,200,application/pdf,http://materias.df.uba.ar/l5a2023c1/files/2023/03/SeguridadRadiacion.pdf
2026-09-30T16:04:33.774550+00:00,seguridad,https://asignaturas.df.uba.ar/l5-larotonda/seguridad/,ver,http://materias.df.uba.ar/l5a2023c1/files/2023/03/SegLabQyBAlumnos1.pdf,true,section_seguridad,df_uba_external,materials/seguridad/files/SegLabQyBAlumnos1.pdf,8f0ff3a566de3edbfb6b197e66af7a5103bcc5c599b5b4430df593d093753548,unchanged,ok,200,application/pdf,http://materias.df.uba.ar/l5a2023c1/files/2023/03/SegLabQyBAlumnos1.pdf
2026-09-30T16:04:33.774550+00:00,seguridad,https://asignaturas.df.uba.ar/l5-larotonda/seguridad/,WordPress Appliance,https://www.turnkeylinux.org/wordpress,false,section_seguridad,external,,,indexed,ok,200,text/html,https://www.turnkeylinux.org/wordpress/
2026-09-30T16:04:33.774550+00:00,seguridad,https://asignaturas.df.uba.ar/l5-larotonda/seguridad/,TurnKey Linux,https://www.turnkeylinux.org,false,section_seguridad,external,,,indexed,ok,200,text/html,https://www.turnkeylinux.org
